"filename", "language", "TOML", "YAML", "Python", "Markdown", "comment", "blank", "total"
"/home/cyvv/Repos/splanything/.github/workflows/publish.yaml", "YAML", 0, 23, 0, 0, 0, 0, 23
"/home/cyvv/Repos/splanything/AGENTS.md", "Markdown", 0, 0, 0, 116, 0, 20, 136
"/home/cyvv/Repos/splanything/README.md", "Markdown", 0, 0, 0, 56, 0, 19, 75
"/home/cyvv/Repos/splanything/examples/example_nor_bra.py", "Python", 0, 0, 146, 0, 25, 24, 195
"/home/cyvv/Repos/splanything/examples/example_por_cro.py", "Python", 0, 0, 130, 0, 17, 24, 171
"/home/cyvv/Repos/splanything/pyproject.toml", "TOML", 43, 0, 0, 0, 0, 5, 48
"/home/cyvv/Repos/splanything/src/splanything/__init__.py", "Python", 0, 0, 4, 0, 0, 2, 6
"/home/cyvv/Repos/splanything/src/splanything/primitives/__init__.py", "Python", 0, 0, 34, 0, 1, 3, 38
"/home/cyvv/Repos/splanything/src/splanything/primitives/base.py", "Python", 0, 0, 634, 0, 236, 82, 952
"/home/cyvv/Repos/splanything/src/splanything/primitives/bspline.py", "Python", 0, 0, 144, 0, 0, 26, 170
"/home/cyvv/Repos/splanything/src/splanything/primitives/cubic_fan.py", "Python", 0, 0, 110, 0, 17, 15, 142
"/home/cyvv/Repos/splanything/src/splanything/primitives/gaussian.py", "Python", 0, 0, 99, 0, 13, 17, 129
"/home/cyvv/Repos/splanything/src/splanything/primitives/initializers/__init__.py", "Python", 0, 0, 4, 0, 0, 2, 6
"/home/cyvv/Repos/splanything/src/splanything/primitives/initializers/base.py", "Python", 0, 0, 49, 0, 0, 4, 53
"/home/cyvv/Repos/splanything/src/splanything/primitives/initializers/flex.py", "Python", 0, 0, 11, 0, 0, 5, 16
"/home/cyvv/Repos/splanything/src/splanything/primitives/initializers/mapped.py", "Python", 0, 0, 58, 0, 2, 8, 68
"/home/cyvv/Repos/splanything/src/splanything/primitives/line.py", "Python", 0, 0, 82, 0, 0, 14, 96
"/home/cyvv/Repos/splanything/src/splanything/primitives/meta.py", "Python", 0, 0, 299, 0, 14, 28, 341
"/home/cyvv/Repos/splanything/src/splanything/primitives/multi.py", "Python", 0, 0, 208, 0, 61, 36, 305
"/home/cyvv/Repos/splanything/src/splanything/primitives/path.py", "Python", 0, 0, 96, 0, 0, 21, 117
"/home/cyvv/Repos/splanything/src/splanything/primitives/polygon.py", "Python", 0, 0, 138, 0, 0, 25, 163
"/home/cyvv/Repos/splanything/src/splanything/primitives/radial_freq.py", "Python", 0, 0, 78, 0, 34, 19, 131
"/home/cyvv/Repos/splanything/src/splanything/primitives/single_bspline.py", "Python", 0, 0, 207, 0, 0, 31, 238
"/home/cyvv/Repos/splanything/src/splanything/primitives/single_path.py", "Python", 0, 0, 165, 0, 0, 27, 192
"/home/cyvv/Repos/splanything/src/splanything/primitives/splitters/__init__.py", "Python", 0, 0, 3, 0, 0, 2, 5
"/home/cyvv/Repos/splanything/src/splanything/primitives/splitters/base.py", "Python", 0, 0, 41, 0, 0, 5, 46
"/home/cyvv/Repos/splanything/src/splanything/primitives/splitters/flex.py", "Python", 0, 0, 20, 0, 0, 6, 26
"/home/cyvv/Repos/splanything/src/splanything/primitives/star.py", "Python", 0, 0, 68, 0, 0, 14, 82
"/home/cyvv/Repos/splanything/src/splanything/rendering/__init__.py", "Python", 0, 0, 4, 0, 0, 2, 6
"/home/cyvv/Repos/splanything/src/splanything/rendering/processors/__init__.py", "Python", 0, 0, 10, 0, 0, 2, 12
"/home/cyvv/Repos/splanything/src/splanything/rendering/processors/base.py", "Python", 0, 0, 20, 0, 3, 6, 29
"/home/cyvv/Repos/splanything/src/splanything/rendering/processors/dist.py", "Python", 0, 0, 49, 0, 0, 7, 56
"/home/cyvv/Repos/splanything/src/splanything/rendering/processors/flex.py", "Python", 0, 0, 15, 0, 0, 6, 21
"/home/cyvv/Repos/splanything/src/splanything/rendering/processors/mapped.py", "Python", 0, 0, 36, 0, 0, 6, 42
"/home/cyvv/Repos/splanything/src/splanything/rendering/rasterizers/__init__.py", "Python", 0, 0, 11, 0, 0, 3, 14
"/home/cyvv/Repos/splanything/src/splanything/rendering/rasterizers/base.py", "Python", 0, 0, 14, 0, 22, 7, 43
"/home/cyvv/Repos/splanything/src/splanything/rendering/rasterizers/multi.py", "Python", 0, 0, 34, 0, 0, 4, 38
"/home/cyvv/Repos/splanything/src/splanything/rendering/rasterizers/probabilistic.py", "Python", 0, 0, 39, 0, 16, 6, 61
"/home/cyvv/Repos/splanything/src/splanything/rendering/rasterizers/weighted.py", "Python", 0, 0, 27, 0, 38, 10, 75
"/home/cyvv/Repos/splanything/src/splanything/rendering/sample_output.py", "Python", 0, 0, 19, 0, 27, 6, 52
"/home/cyvv/Repos/splanything/src/splanything/rendering/sampler.py", "Python", 0, 0, 150, 0, 2, 17, 169
"/home/cyvv/Repos/splanything/src/splanything/training/__init__.py", "Python", 0, 0, 13, 0, 1, 3, 17
"/home/cyvv/Repos/splanything/src/splanything/training/callbacks/__init__.py", "Python", 0, 0, 14, 0, 1, 3, 18
"/home/cyvv/Repos/splanything/src/splanything/training/callbacks/base.py", "Python", 0, 0, 15, 0, 25, 8, 48
"/home/cyvv/Repos/splanything/src/splanything/training/callbacks/loop_control.py", "Python", 0, 0, 29, 0, 19, 10, 58
"/home/cyvv/Repos/splanything/src/splanything/training/callbacks/panel.py", "Python", 0, 0, 49, 0, 3, 15, 67
"/home/cyvv/Repos/splanything/src/splanything/training/callbacks/preview_window.py", "Python", 0, 0, 151, 0, 88, 32, 271
"/home/cyvv/Repos/splanything/src/splanything/training/callbacks/primitive_checkpoint.py", "Python", 0, 0, 14, 0, 18, 8, 40
"/home/cyvv/Repos/splanything/src/splanything/training/callbacks/primitive_save.py", "Python", 0, 0, 20, 0, 17, 10, 47
"/home/cyvv/Repos/splanything/src/splanything/training/losses/__init__.py", "Python", 0, 0, 4, 0, 1, 3, 8
"/home/cyvv/Repos/splanything/src/splanything/training/losses/base.py", "Python", 0, 0, 26, 0, 42, 8, 76
"/home/cyvv/Repos/splanything/src/splanything/training/losses/l1.py", "Python", 0, 0, 8, 0, 16, 5, 29
"/home/cyvv/Repos/splanything/src/splanything/training/losses/l2.py", "Python", 0, 0, 7, 0, 16, 5, 28
"/home/cyvv/Repos/splanything/src/splanything/training/optimizer.py", "Python", 0, 0, 255, 0, 101, 62, 418
"/home/cyvv/Repos/splanything/src/splanything/training/refinement/__init__.py", "Python", 0, 0, 12, 0, 14, 3, 29
"/home/cyvv/Repos/splanything/src/splanything/training/refinement/base.py", "Python", 0, 0, 95, 0, 129, 31, 255
"/home/cyvv/Repos/splanything/src/splanything/training/refinement/processors/__init__.py", "Python", 0, 0, 8, 0, 7, 3, 18
"/home/cyvv/Repos/splanything/src/splanything/training/refinement/processors/flex.py", "Python", 0, 0, 20, 0, 8, 8, 36
"/home/cyvv/Repos/splanything/src/splanything/training/refinement/processors/map_processor.py", "Python", 0, 0, 29, 0, 33, 6, 68
"/home/cyvv/Repos/splanything/src/splanything/training/refinement/processors/reduction.py", "Python", 0, 0, 31, 0, 12, 9, 52
"/home/cyvv/Repos/splanything/src/splanything/training/refinement/rules/__init__.py", "Python", 0, 0, 23, 0, 15, 3, 41
"/home/cyvv/Repos/splanything/src/splanything/training/refinement/rules/bounds_filter.py", "Python", 0, 0, 56, 0, 46, 10, 112
"/home/cyvv/Repos/splanything/src/splanything/training/refinement/rules/grad_split.py", "Python", 0, 0, 44, 0, 12, 7, 63
"/home/cyvv/Repos/splanything/src/splanything/training/refinement/rules/iso_split.py", "Python", 0, 0, 14, 0, 32, 8, 54
"/home/cyvv/Repos/splanything/src/splanything/training/refinement/rules/map_filter.py", "Python", 0, 0, 23, 0, 38, 9, 70
"/home/cyvv/Repos/splanything/src/splanything/training/refinement/rules/map_split.py", "Python", 0, 0, 23, 0, 38, 9, 70
"/home/cyvv/Repos/splanything/src/splanything/training/refinement/rules/multi_rules.py", "Python", 0, 0, 84, 0, 36, 22, 142
"/home/cyvv/Repos/splanything/src/splanything/training/refinement/rules/primitive_ceiling.py", "Python", 0, 0, 65, 0, 68, 17, 150
"/home/cyvv/Repos/splanything/src/splanything/training/refinement/rules/primitive_floor.py", "Python", 0, 0, 65, 0, 69, 17, 151
"/home/cyvv/Repos/splanything/src/splanything/training/refinement/rules/threshold_filter.py", "Python", 0, 0, 34, 0, 13, 9, 56
"/home/cyvv/Repos/splanything/src/splanything/training/refinement/rules/threshold_grad_filter.py", "Python", 0, 0, 36, 0, 13, 10, 59
"/home/cyvv/Repos/splanything/src/splanything/training/regularizers/__init__.py", "Python", 0, 0, 5, 0, 1, 3, 9
"/home/cyvv/Repos/splanything/src/splanything/training/regularizers/attr_attractor.py", "Python", 0, 0, 87, 0, 101, 15, 203
"/home/cyvv/Repos/splanything/src/splanything/training/regularizers/attr_proximity.py", "Python", 0, 0, 24, 0, 33, 7, 64
"/home/cyvv/Repos/splanything/src/splanything/training/regularizers/attr_range.py", "Python", 0, 0, 32, 0, 40, 7, 79
"/home/cyvv/Repos/splanything/src/splanything/training/regularizers/base.py", "Python", 0, 0, 27, 0, 50, 8, 85
"/home/cyvv/Repos/splanything/src/splanything/training/sampler.py", "Python", 0, 0, 241, 0, 63, 20, 324
"/home/cyvv/Repos/splanything/src/splanything/training/stages.py", "Python", 0, 0, 16, 0, 0, 1, 17
"/home/cyvv/Repos/splanything/src/splanything/training/trainer.py", "Python", 0, 0, 242, 0, 119, 34, 395
"/home/cyvv/Repos/splanything/src/splanything/utils/__init__.py", "Python", 0, 0, 1, 0, 0, 1, 2
"/home/cyvv/Repos/splanything/src/splanything/utils/img.py", "Python", 0, 0, 521, 0, 293, 50, 864
"/home/cyvv/Repos/splanything/src/splanything/utils/math.py", "Python", 0, 0, 17, 0, 14, 6, 37
"/home/cyvv/Repos/splanything/tests/test_filter_split_optimizer_state.py", "Python", 0, 0, 232, 0, 76, 69, 377
"/home/cyvv/Repos/splanything/tests/test_masked_len.py", "Python", 0, 0, 116, 0, 41, 45, 202
"/home/cyvv/Repos/splanything/tests/test_multi_masked.py", "Python", 0, 0, 147, 0, 46, 32, 225
"/home/cyvv/Repos/splanything/tests/test_patch_roundtrip.py", "Python", 0, 0, 122, 0, 44, 41, 207
"/home/cyvv/Repos/splanything/tests/test_refinement_rules.py", "Python", 0, 0, 89, 0, 13, 33, 135
"/home/cyvv/Repos/splanything/tests/test_sampler_roundtrip.py", "Python", 0, 0, 108, 0, 52, 35, 195
"/home/cyvv/Repos/splanything/tests/test_trainer_log_handler.py", "Python", 0, 0, 256, 0, 55, 64, 375
"/home/cyvv/Repos/splanything/tests/test_uv_sample.py", "Python", 0, 0, 99, 0, 39, 40, 178
"Total", "-", 43, 23, 6905, 172, 2539, 1430, 11112